<?xml version="1.0" encoding="UTF-8" standalone="yes"?>
<addon id="plugin.video.Yo amo a Jesus"
       name="[COLOR lightyellow]Yo amo a[/COLOR][COLOR gold[/COLOR] Jesus[/COLOR]"
       version="[COLOR yellow]1.0.2[/COLOR]"
       provider-name="[COLOR orange][B]Pedro Alfonso[/B][/COLOR]">
  <requires>
    <import addon="xbmc.python" version="2.1.0"/>
    <import addon="script.module.beautifulsoup" version="3.2.1"/>
    <import addon="script.module.simple.downloader" version="0.9.4"/>
    <import addon="script.module.beautifulsoup4" />
    <import addon="script.module.requests" />
    <import addon="script.module.httplib2" />
    <import addon="script.module.youtube.dl" optional="true"/>
    <import addon="plugin.video.youtube" optional="true" />
    <import addon="script.module.urlresolver" optional="true"/>
    <import addon="script.module.simplejson" />
	<import addon="script.module.livestreamer" optional="true"/>
  </requires>
  <extension point="xbmc.python.pluginsource" library="default.py">
    <provides>video</provides>
  </extension>
  <extension point="xbmc.addon.metadata">
    <summary>[COLOR yellow][B]*Canales de tv,peliculas,series y mas Cristiano*[/B][/COLOR]</summary>
    <description lang="en"></description>Suscribate a mi canal de youtube/ciudadkodi
<description lang="es">Siguene en facebook/ciudadkodi</description>
     <disclaimer lang="en">Un add-on dedicado a la Comunidad Cristiana.</disclaimer>
		<disclaimer lang="es">Yo amo a Jesus es un add-on totalmente gratuito </disclaimer>
    <platform>all</platform>
  </extension>
</addon>
