<?xml version="1.0" encoding="UTF-8" standalone="yes"?>
<addon
	id="plugin.video.Futbol"
	name="Football"
	version="1.3.1"
	provider-name="Vander">
	<requires>
		<import addon="xbmc.python" version="2.1.0"/>
		<import addon="program.plexus" />
	</requires>
	<extension point="xbmc.python.pluginsource" library="addon.py">
		<provides>video</provides>
	</extension>
	<extension point="xbmc.addon.metadata">
		<summary>Football</summary>
		<description>Todo el Football en directo emitido por Arena Vision |Basado en el Script de (Wazzu) Arenavision NZY</description>
		<platform>all</platform>
		<license/>GPU Licence
		<forum/>
		<website/>
		<email></email>
		<source/>
	</extension>

</addon>
