<?xml version="1.0" encoding="UTF-8" standalone="yes"?>
<addon id="plugin.video.medianoche" name="Medianoche" version="0.0.1" provider-name="Chema">
    <requires>
    </requires>
    <extension point="xbmc.python.pluginsource"
               library="default.py">
        <provides>video</provides>
    </extension>
    <extension point="xbmc.addon.metadata">
        <platform>all</platform>
        <summary>Construccion de un addon desde cero partiendo del addon AznKodi Add-on Creator</summary>
        <description>Previsualización del icono y fanart para check y aprobación</description>
    </extension>
</addon>