<?xml version="1.0" encoding="UTF-8" standalone="yes"?>
<addon id="plugin.video.series" name="[COLOR gold]Series[/COLOR]" version="0.0.26" provider-name="Iego-CTA">
  <requires>
    <import addon="xbmc.python" version="2.1.0"/>
  </requires>
  <extension point="xbmc.python.pluginsource" library="addon.py">
    <provides>video</provides>
  </extension>
  <extension point="xbmc.addon.metadata">
    <summary>Series</summary>
    <description>Podrás ver las series de ahora y antes, asi como las series animadas (dibujos)</description>
    <disclaimer></disclaimer>
    <language></language>
    <platform>all</platform>
    <license></license>
    <forum></forum>
    <website></website>
    <email></email>
    <source></source>
  </extension>
</addon>
