<?xml version="1.0" encoding="UTF-8" standalone="yes"?>
<addon id="plugin.video.mundoinfantil"
	name="[COLOR cornflowerblue]Mundo Infantil[/COLOR]"
	version="2.1"
	provider-name="J.RUIZ">
  <requires>
    <import addon="xbmc.python" version="2.1.0"/>
    <import addon="script.module.addon.common" version="2.0.0"/>
    <import addon="plugin.video.youtube" version="5.0.0"/>
  </requires>
  <extension point="xbmc.python.pluginsource" library="default.py">
    <provides>video</provides>
  </extension>
  <extension point="xbmc.addon.metadata">
    <summary lang="en">[COLOR white]English and Spanish kids videos from YouTube[/COLOR]</summary>
    <description lang="en">[COLOR white]Todo el contenido por el addon es de YouTube, todas las actualizaciones y cambios seran publicadas en el grupo de KODI PR y mi pagina de Facebook, les invito a unirse para que asi obtengan siempre la ultima version actualizada del addon. https://www.facebook.com/colussus.xmen[/COLOR]</description>
    <platform>all</platform>
    <forum>n/a</forum>
    <website>n/a</website>
  </extension>
</addon>
