﻿<?xml version="1.0" encoding="UTF-8" standalone="yes"?>
<addon id="plugin.video.Animacionpr"
       name="[B][COLOR yellow]Ani[/COLOR][COLOR white]macion[/COLOR][COLOR dodgerblue]pr[/COLOR][/B]"
       version="2.6.7"
       provider-name="Danny">
  <requires>
    <import addon="xbmc.python" version="2.1.0"/>
    <import addon="script.module.beautifulsoup" version="3.2.1"/>
    <import addon="script.module.simple.downloader" version="0.9.4"/>
    <import addon="script.module.beautifulsoup4" />
    <import addon="script.module.requests" />
    <import addon="script.module.httplib2" />
    <import addon="script.module.liveresolver" version="0.1.24" optional="true"/>
    <import addon="script.module.youtube.dl" optional="true"/>
    <import addon="plugin.video.youtube" optional="true" />
    <import addon="script.module.urlresolver" optional="true"/>
    <import addon="script.module.simplejson" />    
     <import addon="script.module.livestreamer" optional="true"/>
     <import addon="script.module.pyamf" optional="true"/>
  </requires>
  <extension point="xbmc.python.pluginsource" library="default.py">
    <provides>video</provides>
  </extension>
  <extension point="xbmc.addon.metadata">
    <summary>[COLOR dodgerblue][B]Animacionpr Addon[/B][/COLOR] based on livestreamspro 2.6.7 by Shani</summary>
    <description>[COLOR dodgerblue][B]Animacionpr Addon[/B][/COLOR] Permite a los usuarios reproducir y ver la mayoría de los videos, música, podcasts y otros archivos de medios digitales de los medios de almacenamiento locales y de red y de Internet.</description>
    <platform>all</platform>
  </extension>
</addon>
