<?xml version="1.0" encoding="UTF-8" standalone="yes"?>
<addon id="plugin.video.americanfootball"
	name="ONEHOURFOOTBALL"
	version="1.0"
	provider-name="JAR">
  <requires>
    <import addon="xbmc.python" version="2.14.0"/>
    <import addon="script.module.addon.common" version="2.0.0"/>
    <import addon="plugin.video.youtube" version="5.0.0"/>
  </requires>
  <extension point="xbmc.python.pluginsource" library="default.py">
    <provides>video</provides>
  </extension>
  <extension point="xbmc.addon.metadata">
    <summary lang="es">Partidos Football Americano</summary>
    <description lang="es">Partidos Football Americano en una hora y media</description>
    <platform>all</platform>
    <website></website>
    <email></email>
    <assets>
        <icon>icon.png</icon>
        <fanart>fanart.jpg</fanart>
		</assets>
       </extension>
</addon>