<?xml version="1.0" encoding="UTF-8" standalone="yes"?>
<addon id="plugin.video.musicandojarvis" name="Musicando" version="0.0.1" provider-name="Simio"> 
  <requires>
    <import addon="xbmc.python" version="2.1.0"/>
    <import addon="script.module.addon.common" version="2.0.0"/>
    <import addon="plugin.video.youtube" version="5.0.0"/>
  </requires>
  <extension point="xbmc.python.pluginsource" library="pulse.py">
    <provides>video audio</provides>
  </extension>
  <extension point="xbmc.addon.metadata">
    <summary lang="es">Los Mejores Videos de YouTube. </summary>
    <description lang="es">Los videos mas destacados de la red.</description>
    <disclaimer lang="es">
    </disclaimer>
    <platform>all</platform>
  </extension>
</addon>